Year,Country,Age,Caps,Club
2020,Wales,25,29,Dragons
2020,Wales,25,9,Scarlets
2020,Wales,33,73,Scarlets
2020,Wales,21,6,Saracens
2020,Wales,23,6,Dragons
2020,Wales,27,36,Scarlets
2020,Wales,27,0,Sale
2020,Wales,27,22,Scarlets
2020,Wales,24,22,Cardiff
2020,Wales,28,42,Scarlets
2020,Wales,24,20,Ospreys
2020,Wales,23,7,Cardiff
2020,Wales,27,24,Dragons
2020,Wales,34,134,Ospreys
2020,Wales,28,0,Wasps
2020,Wales,29,72,Bath
2020,Wales,29,41,Dragons
2020,Wales,29,23,Cardiff
2020,Wales,32,26,Scarlets
2020,Wales,30,72,Ospreys
2020,Wales,22,18,Dragons
2020,Wales,29,51,Scarlets
2020,Wales,31,31,FranceToulon
2020,Wales,25,16,Cardiff
2020,Wales,30,79,NorthamptonSaints
2020,Wales,23,3,Cardiff
2020,Wales,27,3,Gloucester
2020,Wales,32,25,Scarlets
2020,Wales,24,0,Saracens
2020,Wales,23,22,Ospreys
2020,Wales,24,21,Cardiff
2020,Wales,22,2,Cardiff
2020,Wales,29,0,Scarlets
2020,Wales,27,91,Ospreys
2020,Wales,18,0,Gloucester
2020,Wales,31,85,Scarlets
2020,Wales,27,3,LeicesterTigers
2020,Wales,28,62,Saracens
2021,Wales,26,32,Dragons
2021,Wales,26,13,Scarlets
2021,Wales,34,77,Scarlets
2021,Wales,24,12,Dragons
2021,Wales,22,12,Cardiff
2021,Wales,28,52,ExeterChiefs
2021,Wales,28,30,Scarlets
2021,Wales,25,40,Cardiff
2021,Wales,29,49,Scarlets
2021,Wales,25,21,Ospreys
2021,Wales,28,29,Cardiff
2021,Wales,35,143,Ospreys
2021,Wales,29,5,Wasps
2021,Wales,30,81,Bath
2021,Wales,33,62,Ospreys
2021,Wales,24,0,Scarlets
2021,Wales,30,24,Cardiff
2021,Wales,31,80,Ospreys
2021,Wales,23,27,Dragons
2021,Wales,30,57,Scarlets
2021,Wales,25,2,Scarlets
2021,Wales,26,20,Cardiff
2021,Wales,31,87,NorthamptonSaints
2021,Wales,25,6,Cardiff
2021,Wales,25,4,BristolBears
2021,Wales,32,85,Scarlets
2021,Wales,25,8,Dragons
2021,Wales,24,23,Ospreys
2021,Wales,24,2,Scarlets
2021,Wales,25,29,Cardiff
2021,Wales,28,98,Ospreys
2021,Wales,20,4,Gloucester
2021,Wales,26,22,Cardiff
2021,Wales,32,93,Scarlets
2021,Wales,29,67,Scarlets
2022,Wales,27,23,Scarlets
2022,Wales,22,0,Ospreys
2022,Wales,26,1,IrelandUlster
2022,Wales,25,16,Dragons
2022,Wales,23,16,Cardiff
2022,Wales,29,60,Ospreys
2022,Wales,29,38,Scarlets
2022,Wales,26,34,Cardiff
2022,Wales,28,5,Ospreys
2022,Wales,26,29,Ospreys
2022,Wales,21,5,Dragons
2022,Wales,25,13,Cardiff
2022,Wales,30,13,Dragons
2022,Wales,20,2,ExeterChiefs
2022,Wales,22,7,Dragons
2022,Wales,28,14,Cardiff
2022,Wales,22,0,Ospreys
2022,Wales,27,49,Cardiff
2022,Wales,24,0,Cardiff
2022,Wales,24,34,Dragons
2022,Wales,31,65,Scarlets
2022,Wales,26,8,Scarlets
2022,Wales,27,29,Cardiff
2022,Wales,30,29,Ospreys
2022,Wales,32,95,NorthamptonSaints
2022,Wales,35,52,Cardiff
2022,Wales,26,13,BristolBears
2022,Wales,33,93,Scarlets
2022,Wales,31,9,Cardiff
2022,Wales,26,16,Saracens
2022,Wales,25,26,Ospreys
2022,Wales,26,35,Cardiff
2022,Wales,31,48,Ospreys
2022,Wales,21,12,Gloucester
2022,Wales,31,8,Scarlets
2022,Wales,30,74,Scarlets
2023,Wales,23,8,Ospreys
2023,Wales,36,86,Scarlets
2023,Wales,27,3,Dragons
2023,Wales,24,17,Cardiff
2023,Wales,26,22,Dragons
2023,Wales,30,67,Ospreys
2023,Wales,30,45,Scarlets
2023,Wales,27,45,Cardiff
2023,Wales,29,17,Ospreys
2023,Wales,27,41,Ospreys
2023,Wales,24,0,Ospreys
2023,Wales,20,1,ExeterChiefs
2023,Wales,37,155,Ospreys
2023,Wales,22,0,Cardiff
2023,Wales,32,95,Cardiff
2023,Wales,23,6,Ospreys
2023,Wales,23,4,LeicesterTigers
2023,Wales,33,89,Ospreys
2023,Wales,21,3,ExeterChiefs
2023,Wales,25,36,Dragons
2023,Wales,27,16,Scarlets
2023,Wales,34,36,Ospreys
2023,Wales,28,40,Cardiff
2023,Wales,33,103,FranceToulon
2023,Wales,29,21,Scarlets
2023,Wales,30,3,Ospreys
2023,Wales,20,0,Cardiff
2023,Wales,20,1,Ospreys
2023,Wales,30,109,Ospreys
2023,Wales,27,25,Saracens
2023,Wales,25,0,Ospreys
2023,Wales,27,44,Cardiff
2023,Wales,32,55,Ospreys
2023,Wales,23,3,Dragons
2023,Wales,22,22,Gloucester
2023,Wales,34,97,Scarlets
2023,Wales,31,81,Cardiff
2024,Wales,29,46,Dragons
2024,Wales,29,38,Scarlets
2024,Wales,22,0,Cardiff
2024,Wales,26,2,Cardiff
2024,Wales,27,23,Dragons
2024,Wales,27,6,Cardiff
2024,Wales,22,0,Bath
2024,Wales,24,1,Scarlets
2024,Wales,30,26,Ospreys
2024,Wales,28,51,Ospreys
2024,Wales,21,12,ExeterChiefs
2024,Wales,32,29,FranceRacing92
2024,Wales,23,1,Cardiff
2024,Wales,24,16,Dragons
2024,Wales,25,9,Cardiff
2024,Wales,22,0,Cardiff
2024,Wales,20,0,Cardiff
2024,Wales,24,13,LeicesterTigers
2024,Wales,26,43,Dragons
2024,Wales,33,74,Scarlets
2024,Wales,28,18,Scarlets
2024,Wales,29,53,Cardiff
2024,Wales,22,8,Scarlets
2024,Wales,24,1,Dragons
2024,Wales,22,2,Scarlets
2024,Wales,21,6,Cardiff
2024,Wales,31,118,Ospreys
2024,Wales,23,1,Scarlets
2024,Wales,28,32,Saracens
2024,Wales,27,36,Ospreys
2024,Wales,28,53,Cardiff
2024,Wales,24,14,Dragons
2024,Wales,25,3,Scarlets
2024,Wales,21,0,Cardiff
2025,Wales,30,51,Dragons
2025,Wales,23,5,Cardiff
2025,Wales,33,7,Ospreys
2025,Wales,27,10,Cardiff
2025,Wales,32,2,Sale
2025,Wales,25,5,Scarlets
2025,Wales,30,49,LeicesterTigers
2025,Wales,31,35,Ospreys
2025,Wales,33,4,Scarlets
2025,Wales,22,19,ExeterChiefs
2025,Wales,33,36,FranceRacing92
2025,Wales,23,1,Gloucester
2025,Wales,23,15,ExeterChiefs
2025,Wales,24,2,Cardiff
2025,Wales,26,16,Cardiff
2025,Wales,34,104,Cardiff
2025,Wales,25,17,Ospreys
2025,Wales,25,23,LeicesterTigers
2025,Wales,27,52,Dragons
2025,Wales,24,6,Cardiff
2025,Wales,31,5,Dragons
2025,Wales,30,59,Gloucester
2025,Wales,21,0,Ospreys
2025,Wales,26,7,Cardiff
2025,Wales,22,3,Scarlets
2025,Wales,24,2,Scarlets
2025,Wales,29,38,Saracens
2025,Wales,28,42,Ospreys
2025,Wales,29,59,Cardiff
2025,Wales,21,2,Gloucester
2025,Wales,21,0,Scarlets
2025,Wales,23,3,Scarlets
2025,Wales,26,5,Scarlets
2025,Wales,33,92,Saracens
2020,Scotland,30,46,GlasgowWarriors
2020,Scotland,29,33,Edinburgh
2020,Scotland,27,9,GlasgowWarriors
2020,Scotland,29,24,Edinburgh
2020,Scotland,26,15,Edinburgh
2020,Scotland,27,28,LondonIrish
2020,Scotland,24,25,GlasgowWarriors
2020,Scotland,33,35,Edinburgh
2020,Scotland,27,3,Edinburgh
2020,Scotland,22,0,Gloucester
2020,Scotland,23,8,GlasgowWarriors
2020,Scotland,29,40,Edinburgh
2020,Scotland,25,55,GlasgowWarriors
2020,Scotland,27,22,Edinburgh
2020,Scotland,24,11,Edinburgh
2020,Scotland,22,0,Edinburgh
2020,Scotland,28,6,WorcesterWarriors
2020,Scotland,23,0,GlasgowWarriors
2020,Scotland,29,0,Edinburgh
2020,Scotland,23,14,Edinburgh
2020,Scotland,28,28,Edinburgh
2020,Scotland,24,10,GlasgowWarriors
2020,Scotland,26,28,GlasgowWarriors
2020,Scotland,30,28,Edinburgh
2020,Scotland,23,16,GlasgowWarriors
2020,Scotland,27,49,Racing92
2020,Scotland,29,14,Gloucester
2020,Scotland,24,3,NorthamptonSaints
2020,Scotland,26,9,GlasgowWarriors
2020,Scotland,26,23,GlasgowWarriors
2020,Scotland,29,39,Edinburgh
2020,Scotland,22,11,Edinburgh
2020,Scotland,31,44,Saracens
2020,Scotland,30,9,SaleSharks
2020,Scotland,26,0,GlasgowWarriors
2020,Scotland,28,0,GlasgowWarriors
2020,Scotland,27,72,ExeterChiefs
2020,Scotland,23,17,Edinburgh
2021,Scotland,20,0,SaleSharks
2021,Scotland,30,0,Edinburgh
2021,Scotland,25,3,GlasgowWarriors
2021,Scotland,28,12,GlasgowWarriors
2021,Scotland,30,28,Edinburgh
2021,Scotland,28,32,LondonIrish
2021,Scotland,25,34,GlasgowWarriors
2021,Scotland,28,5,GlasgowWarriors
2021,Scotland,34,40,GlasgowWarriors
2021,Scotland,28,11,GlasgowWarriors
2021,Scotland,23,0,Gloucester
2021,Scotland,24,17,GlasgowWarriors
2021,Scotland,30,42,GlasgowWarriors
2021,Scotland,26,61,ExeterChiefs
2021,Scotland,31,65,GlasgowWarriors
2021,Scotland,22,9,GlasgowWarriors
2021,Scotland,28,2,NewcastleFalcons
2021,Scotland,24,23,Edinburgh
2021,Scotland,30,9,WalesScarlets
2021,Scotland,29,36,Edinburgh
2021,Scotland,27,37,GlasgowWarriors
2021,Scotland,27,1,Harlequins
2021,Scotland,28,51,Racing92
2021,Scotland,27,1,Edinburgh
2021,Scotland,30,23,Gloucester
2021,Scotland,27,26,GlasgowWarriors
2021,Scotland,25,5,Harlequins
2021,Scotland,21,0,Bath
2021,Scotland,31,23,Saracens
2021,Scotland,23,15,Edinburgh
2021,Scotland,32,50,Saracens
2021,Scotland,31,10,SaleSharks
2021,Scotland,25,5,Edinburgh
2021,Scotland,28,80,ExeterChiefs
2021,Scotland,24,25,Edinburgh
2022,Scotland,21,2,SaleSharks
2022,Scotland,31,43,Edinburgh
2022,Scotland,29,20,GlasgowWarriors
2022,Scotland,28,22,GlasgowWarriors
2022,Scotland,26,42,GlasgowWarriors
2022,Scotland,35,43,Edinburgh
2022,Scotland,27,4,Edinburgh
2022,Scotland,27,1,WalesScarlets
2022,Scotland,29,16,WorcesterWarriors
2022,Scotland,25,21,GlasgowWarriors
2022,Scotland,31,48,Edinburgh
2022,Scotland,27,64,ExeterChiefs
2022,Scotland,23,3,Edinburgh
2022,Scotland,27,15,ExeterChiefs
2022,Scotland,24,2,Bath
2022,Scotland,26,14,Edinburgh
2022,Scotland,22,0,Saracens
2022,Scotland,21,0,GlasgowWarriors
2022,Scotland,23,17,GlasgowWarriors
2022,Scotland,31,10,Edinburgh
2022,Scotland,25,31,Edinburgh
2022,Scotland,30,45,Edinburgh
2022,Scotland,28,46,GlasgowWarriors
2022,Scotland,26,0,Edinburgh
2022,Scotland,23,0,LondonIrish
2022,Scotland,29,58,Racing92
2022,Scotland,29,22,Edinburgh
2022,Scotland,31,31,Gloucester
2022,Scotland,26,5,NorthamptonSaints
2022,Scotland,28,21,GlasgowWarriors
2022,Scotland,22,1,Bath
2022,Scotland,24,1,GlasgowWarriors
2022,Scotland,24,22,Edinburgh
2022,Scotland,21,2,GlasgowWarriors
2022,Scotland,23,0,LondonIrish
2022,Scotland,28,3,GlasgowWarriors
2022,Scotland,26,13,WorcesterWarriors
2022,Scotland,29,88,ExeterChiefs
2022,Scotland,25,28,Edinburgh
2023,Scotland,22,6,SaleSharks
2023,Scotland,33,57,GlasgowWarriors
2023,Scotland,32,8,Edinburgh
2023,Scotland,30,30,GlasgowWarriors
2023,Scotland,32,31,GlasgowWarriors
2023,Scotland,29,24,GlasgowWarriors
2023,Scotland,27,54,GlasgowWarriors
2023,Scotland,36,50,Edinburgh
2023,Scotland,28,16,Edinburgh
2023,Scotland,28,3,WalesScarlets
2023,Scotland,30,22,IrelandUlster
2023,Scotland,32,59,Edinburgh
2023,Scotland,28,72,ExeterChiefs
2023,Scotland,33,69,GlasgowWarriors
2023,Scotland,23,0,LeicesterTigers
2023,Scotland,28,23,Edinburgh
2023,Scotland,25,3,Bath
2023,Scotland,23,4,Saracens
2023,Scotland,25,2,Edinburgh
2023,Scotland,28,4,GlasgowWarriors
2023,Scotland,24,28,GlasgowWarriors
2023,Scotland,26,36,Edinburgh
2023,Scotland,31,54,Edinburgh
2023,Scotland,27,18,GlasgowWarriors
2023,Scotland,29,58,GlasgowWarriors
2023,Scotland,24,9,LondonIrish
2023,Scotland,23,0,IrelandMunster
2023,Scotland,26,38,Edinburgh
2023,Scotland,30,65,Racing92
2023,Scotland,32,39,Gloucester
2023,Scotland,29,31,GlasgowWarriors
2023,Scotland,24,0,GlasgowWarriors
2023,Scotland,23,4,Bath
2023,Scotland,25,11,GlasgowWarriors
2023,Scotland,34,53,Saracens
2023,Scotland,31,0,Bath
2023,Scotland,29,5,GlasgowWarriors
2023,Scotland,27,23,Edinburgh
2023,Scotland,30,96,ExeterChiefs
2023,Scotland,22,2,GlasgowWarriors
2024,Scotland,23,12,Edinburgh
2024,Scotland,30,1,GlasgowWarriors
2024,Scotland,31,40,GlasgowWarriors
2024,Scotland,30,34,GlasgowWarriors
2024,Scotland,28,62,GlasgowWarriors
2024,Scotland,30,0,ExeterChiefs
2024,Scotland,24,0,LeicesterTigers
2024,Scotland,37,61,Edinburgh
2024,Scotland,29,26,Edinburgh
2024,Scotland,27,33,GlasgowWarriors
2024,Scotland,33,67,Edinburgh
2024,Scotland,34,78,GlasgowWarriors
2024,Scotland,29,30,Edinburgh
2024,Scotland,29,3,Edinburgh
2024,Scotland,26,5,Bath
2024,Scotland,24,4,Saracens
2024,Scotland,26,7,Edinburgh
2024,Scotland,23,15,GlasgowWarriors
2024,Scotland,29,15,GlasgowWarriors
2024,Scotland,25,40,GlasgowWarriors
2024,Scotland,27,46,Edinburgh
2024,Scotland,28,26,GlasgowWarriors
2024,Scotland,30,66,Edinburgh
2024,Scotland,25,18,Toulon
2024,Scotland,27,27,Gloucester
2024,Scotland,24,4,Edinburgh
2024,Scotland,31,75,Bath
2024,Scotland,28,8,NorthamptonSaints
2024,Scotland,30,43,GlasgowWarriors
2024,Scotland,25,1,GlasgowWarriors
2024,Scotland,24,9,Bath
2024,Scotland,26,22,GlasgowWarriors
2024,Scotland,26,39,Edinburgh
2024,Scotland,24,0,SaleSharks
2024,Scotland,25,1,GlasgowWarriors
2024,Scotland,30,15,GlasgowWarriors
2024,Scotland,28,34,Edinburgh
2024,Scotland,27,50,Toulouse
2024,Scotland,22,0,Edinburgh
2025,Scotland,24,22,Edinburgh
2025,Scotland,34,11,Edinburgh
2025,Scotland,22,3,Edinburgh
2025,Scotland,26,6,SouthAfricaSharks
2025,Scotland,31,35,GlasgowWarriors
2025,Scotland,29,70,GlasgowWarriors
2025,Scotland,25,4,LeicesterTigers
2025,Scotland,30,2,Edinburgh
2025,Scotland,30,37,Edinburgh
2025,Scotland,32,37,GlasgowWarriors
2025,Scotland,28,42,GlasgowWarriors
2025,Scotland,34,74,Edinburgh
2025,Scotland,30,77,BordeauxBègles
2025,Scotland,25,1,Edinburgh
2025,Scotland,27,10,Bath
2025,Scotland,23,4,GlasgowWarriors
2025,Scotland,27,12,Edinburgh
2025,Scotland,24,25,GlasgowWarriors
2025,Scotland,30,22,GlasgowWarriors
2025,Scotland,26,50,GlasgowWarriors
2025,Scotland,25,0,GlasgowWarriors
2025,Scotland,28,54,Edinburgh
2025,Scotland,23,9,GlasgowWarriors
2025,Scotland,29,34,GlasgowWarriors
2025,Scotland,26,24,Toulon
2025,Scotland,25,0,Saracens
2025,Scotland,26,3,GlasgowWarriors
2025,Scotland,32,82,Bath
2025,Scotland,23,4,Edinburgh
2025,Scotland,29,8,NorthamptonSaints
2025,Scotland,31,53,GlasgowWarriors
2025,Scotland,26,8,GlasgowWarriors
2025,Scotland,27,30,GlasgowWarriors
2025,Scotland,27,42,Edinburgh
2025,Scotland,26,9,GlasgowWarriors
2025,Scotland,29,44,Edinburgh
2025,Scotland,28,55,Toulouse
2020,Italy,28,24,Zebre
2020,Italy,29,10,Zebre
2020,Italy,30,13,Benetton
2020,Italy,27,9,ScotlandEdinburgh
2020,Italy,22,0,Zebre
2020,Italy,30,41,Zebre
2020,Italy,22,7,Benetton
2020,Italy,23,2,Zebre
2020,Italy,33,26,Benetton
2020,Italy,21,0,Benetton
2020,Italy,25,18,Benetton
2020,Italy,36,117,Benetton
2020,Italy,24,4,Benetton
2020,Italy,22,8,Zebre
2020,Italy,26,4,Zebre
2020,Italy,25,22,Benetton
2020,Italy,23,0,Benetton
2020,Italy,24,13,Gloucester
2020,Italy,27,36,Benetton
2020,Italy,25,5,Gloucester
2020,Italy,28,36,Zebre
2020,Italy,26,15,Zebre
2020,Italy,26,54,Benetton
2020,Italy,27,39,Zebre
2020,Italy,22,0,Benetton
2020,Italy,27,14,Zebre
2020,Italy,27,11,Zebre
2020,Italy,28,29,Benetton
2020,Italy,33,29,Benetton
2020,Italy,25,22,Zebre
2020,Italy,29,62,Benetton
2020,Italy,28,34,Benetton
2020,Italy,23,16,Wasps
2020,Italy,21,0,Zebre
2020,Italy,32,23,Benetton
2020,Italy,26,24,Zebre
2021,Italy,29,32,Zebre
2021,Italy,20,2,Benetton
2021,Italy,23,0,Zebre
2021,Italy,28,14,Brive
2021,Italy,23,8,Zebre
2021,Italy,23,7,Benetton
2021,Italy,23,0,Zebre
2021,Italy,26,10,Benetton
2021,Italy,24,10,Zebre
2021,Italy,22,8,Benetton
2021,Italy,19,0,Benetton
2021,Italy,25,11,Benetton
2021,Italy,28,11,Zebre
2021,Italy,21,2,Zebre
2021,Italy,22,2,Benetton
2021,Italy,28,25,Zebre
2021,Italy,27,9,Zebre
2021,Italy,26,28,Benetton
2021,Italy,26,19,Benetton
2021,Italy,26,9,Benetton
2021,Italy,29,41,Zebre
2021,Italy,19,3,Gloucester
2021,Italy,27,60,Benetton
2021,Italy,28,47,Zebre
2021,Italy,20,5,Benetton
2021,Italy,28,0,Benetton
2021,Italy,20,5,Zebre
2021,Italy,23,4,Benetton
2021,Italy,26,28,Zebre
2021,Italy,26,1,Benetton
2021,Italy,25,6,Benetton
2021,Italy,20,3,Zebre
2022,Italy,27,1,Benetton
2022,Italy,21,8,Benetton
2022,Italy,25,0,Benetton
2022,Italy,29,17,Brive
2022,Italy,24,15,Zebre
2022,Italy,23,3,Benetton
2022,Italy,27,21,Benetton
2022,Italy,27,12,Benetton
2022,Italy,25,15,Zebre
2022,Italy,23,15,Benetton
2022,Italy,30,36,NewcastleFalcons
2022,Italy,27,25,Benetton
2022,Italy,29,18,Zebre
2022,Italy,28,0,Benetton
2022,Italy,23,10,Benetton
2022,Italy,27,36,Benetton
2022,Italy,25,1,Benetton
2022,Italy,29,46,Benetton
2022,Italy,21,0,Benetton
2022,Italy,27,12,Benetton
2022,Italy,22,2,Zebre
2022,Italy,20,9,Gloucester
2022,Italy,22,0,Benetton
2022,Italy,21,13,Montpellier
2022,Italy,19,0,Benetton
2022,Italy,29,8,Benetton
2022,Italy,30,36,Benetton
2022,Italy,24,7,Benetton
2022,Italy,25,1,Zebre
2022,Italy,27,9,Benetton
2022,Italy,19,0,Benetton
2022,Italy,21,11,Bordeaux
2022,Italy,28,30,Benetton
2023,Italy,31,42,Zebre
2023,Italy,25,0,Zebre
2023,Italy,26,7,Benetton
2023,Italy,30,24,Brive
2023,Italy,28,40,Benetton
2023,Italy,25,25,LondonIrish
2023,Italy,24,0,Zebre
2023,Italy,25,18,Saracens
2023,Italy,20,0,Zebre
2023,Italy,22,0,Petrarca
2023,Italy,33,14,Benetton
2023,Italy,24,25,Benetton
2023,Italy,31,41,Massy
2023,Italy,28,36,Benetton
2023,Italy,22,2,Zebre
2023,Italy,22,3,Benetton
2023,Italy,24,21,Benetton
2023,Italy,28,40,Benetton
2023,Italy,26,8,Benetton
2023,Italy,27,19,Gloucester
2023,Italy,22,6,Benetton
2023,Italy,23,8,Zebre
2023,Italy,20,3,Benetton
2023,Italy,21,15,Gloucester
2023,Italy,29,66,Harlequins
2023,Italy,23,1,Benetton
2023,Italy,30,18,Benetton
2023,Italy,27,1,Zebre
2023,Italy,20,6,Benetton
2023,Italy,31,39,LondonIrish
2023,Italy,26,7,Zebre
2023,Italy,26,24,Benetton
2023,Italy,23,7,Toulouse
2023,Italy,29,40,Benetton
2024,Italy,23,17,Benetton
2024,Italy,26,3,Zebre
2024,Italy,27,18,Benetton
2024,Italy,31,31,Perpignan
2024,Italy,26,36,Zebre
2024,Italy,25,0,Zebre
2024,Italy,21,0,Zebre
2024,Italy,23,0,Benetton
2024,Italy,27,16,Benetton
2024,Italy,25,36,Benetton
2024,Italy,22,1,Benetton
2024,Italy,25,6,Benetton
2024,Italy,29,50,Benetton
2024,Italy,23,3,Zebre
2024,Italy,23,16,Benetton
2024,Italy,23,0,Benetton
2024,Italy,25,33,Benetton
2024,Italy,29,52,Benetton
2024,Italy,21,0,ExeterChiefs
2024,Italy,23,17,Benetton
2024,Italy,21,5,Benetton
2024,Italy,25,4,Lyon
2024,Italy,22,24,Gloucester
2024,Italy,30,79,Perpignan
2024,Italy,23,31,Montpellier
2024,Italy,31,30,Benetton
2024,Italy,21,13,Benetton
2024,Italy,23,13,Bayonne
2024,Italy,26,15,Benetton
2024,Italy,27,15,Zebre
2024,Italy,22,1,Zebre
2024,Italy,29,25,Lyon
2024,Italy,24,16,Toulouse
2024,Italy,21,5,Zebre
2025,Italy,31,59,Benetton
2025,Italy,27,47,Zebre
2025,Italy,28,30,Saracens
2025,Italy,23,0,Zebre
2025,Italy,28,22,Benetton
2025,Italy,25,28,Toulon
2025,Italy,29,28,StadeFrancais
2025,Italy,27,47,Benetton
2025,Italy,24,4,Benetton
2025,Italy,27,9,Harlequins
2025,Italy,31,59,Benetton
2025,Italy,24,23,Benetton
2025,Italy,25,6,Benetton
2025,Italy,27,43,Benetton
2025,Italy,31,58,Benetton
2025,Italy,23,9,ExeterChiefs
2025,Italy,25,27,Benetton
2025,Italy,23,13,Benetton
2025,Italy,26,13,Lyon
2025,Italy,24,30,Vannes
2025,Italy,32,81,Perpignan
2025,Italy,25,42,Toulon
2025,Italy,23,13,Benetton
2025,Italy,33,41,Benetton
2025,Italy,23,23,Benetton
2025,Italy,26,23,StadeToulousain
2025,Italy,29,2,Benetton
2025,Italy,24,1,Zebre
2025,Italy,31,35,Lyon
2025,Italy,25,12,Zebre
2020,Ireland,29,1,Connacht
2020,Ireland,29,8,Ulster
2020,Ireland,22,0,Leinster
2020,Ireland,27,41,Leinster
2020,Ireland,32,95,Leinster
2020,Ireland,31,36,Munster
2020,Ireland,30,56,Ulster
2020,Ireland,21,0,Ulster
2020,Ireland,24,23,Leinster
2020,Ireland,26,14,Connacht
2020,Ireland,27,53,Ulster
2020,Ireland,23,23,Leinster
2020,Ireland,33,67,Leinster
2020,Ireland,23,0,Leinster
2020,Ireland,23,0,Leinster
2020,Ireland,21,0,Leinster
2020,Ireland,25,2,Munster
2020,Ireland,30,64,Munster
2020,Ireland,29,38,Munster
2020,Ireland,26,23,Leinster
2020,Ireland,29,8,Ulster
2020,Ireland,26,19,Leinster
2020,Ireland,30,78,Munster
2020,Ireland,25,0,Ulster
2020,Ireland,24,3,Leinster
2020,Ireland,34,88,Leinster
2020,Ireland,29,23,Connacht
2020,Ireland,26,9,Munster
2020,Ireland,26,40,Leinster
2020,Ireland,27,3,Ulster
2020,Ireland,25,28,Leinster
2020,Ireland,28,18,Munster
2020,Ireland,32,82,Munster
2020,Ireland,30,19,Leinster
2020,Ireland,23,25,Ulster
2020,Ireland,27,4,Ulster
2020,Ireland,22,21,Leinster
2021,Ireland,30,5,Connacht
2021,Ireland,30,16,Ulster
2021,Ireland,23,6,Leinster
2021,Ireland,28,44,Leinster
2021,Ireland,33,104,Leinster
2021,Ireland,32,39,Munster
2021,Ireland,22,0,Ulster
2021,Ireland,25,32,Leinster
2021,Ireland,29,17,Munster
2021,Ireland,27,17,Connacht
2021,Ireland,28,58,Ulster
2021,Ireland,30,16,Connacht
2021,Ireland,24,32,Leinster
2021,Ireland,24,5,Leinster
2021,Ireland,22,7,Leinster
2021,Ireland,31,73,Munster
2021,Ireland,30,26,Leinster
2021,Ireland,30,46,Munster
2021,Ireland,27,28,Leinster
2021,Ireland,21,0,Munster
2021,Ireland,28,5,Leinster
2021,Ireland,31,87,Munster
2021,Ireland,26,3,Ulster
2021,Ireland,25,11,Leinster
2021,Ireland,35,95,Leinster
2021,Ireland,30,30,Connacht
2021,Ireland,27,14,Munster
2021,Ireland,27,47,Leinster
2021,Ireland,28,4,Ulster
2021,Ireland,26,30,Leinster
2021,Ireland,29,24,Munster
2021,Ireland,33,88,Munster
2021,Ireland,23,24,Leinster
2021,Ireland,24,6,Leinster
2021,Ireland,28,2,Leinster
2021,Ireland,24,1,Munster
2022,Ireland,31,23,Ulster
2022,Ireland,24,16,Leinster
2022,Ireland,23,2,Leinster
2022,Ireland,30,18,Connacht
2022,Ireland,29,52,Leinster
2022,Ireland,34,112,Leinster
2022,Ireland,33,45,Munster
2022,Ireland,23,2,Ulster
2022,Ireland,26,40,Leinster
2022,Ireland,22,6,Leinster
2022,Ireland,30,25,Munster
2022,Ireland,29,65,Ulster
2022,Ireland,25,40,Leinster
2022,Ireland,26,3,Ulster
2022,Ireland,29,22,Leinster
2022,Ireland,24,2,Munster
2022,Ireland,23,12,Leinster
2022,Ireland,32,79,Munster
2022,Ireland,21,0,Connacht
2022,Ireland,26,2,Ulster
2022,Ireland,28,35,Leinster
2022,Ireland,22,4,Munster
2022,Ireland,29,12,Leinster
2022,Ireland,32,92,Munster
2022,Ireland,29,10,Connacht
2022,Ireland,26,27,Munster
2022,Ireland,36,101,Leinster
2022,Ireland,31,33,Connacht
2022,Ireland,28,53,Leinster
2022,Ireland,23,1,Ulster
2022,Ireland,27,37,Leinster
2022,Ireland,24,2,Ulster
2022,Ireland,30,27,Munster
2022,Ireland,34,96,Munster
2022,Ireland,23,0,Connacht
2022,Ireland,25,16,Leinster
2022,Ireland,24,30,Leinster
2022,Ireland,23,0,Ulster
2023,Ireland,32,34,Ulster
2023,Ireland,25,21,Leinster
2023,Ireland,24,17,Leinster
2023,Ireland,31,30,Connacht
2023,Ireland,30,65,Leinster
2023,Ireland,35,123,Leinster
2023,Ireland,34,51,Munster
2023,Ireland,24,9,Ulster
2023,Ireland,27,53,Leinster
2023,Ireland,23,11,Leinster
2023,Ireland,31,38,Munster
2023,Ireland,30,72,Ulster
2023,Ireland,21,1,Leinster
2023,Ireland,26,53,Leinster
2023,Ireland,30,38,Leinster
2023,Ireland,25,2,Munster
2023,Ireland,24,28,Leinster
2023,Ireland,33,94,Munster
2023,Ireland,22,1,Connacht
2023,Ireland,29,50,Leinster
2023,Ireland,23,10,Munster
2023,Ireland,30,25,Leinster
2023,Ireland,33,105,Munster
2023,Ireland,27,19,Leinster
2023,Ireland,23,3,Munster
2023,Ireland,37,113,Leinster
2023,Ireland,32,46,Connacht
2023,Ireland,35,98,Munster
2023,Ireland,29,63,Leinster
2023,Ireland,30,12,Ulster
2023,Ireland,28,50,Leinster
2023,Ireland,24,14,Connacht
2023,Ireland,25,30,Leinster
2023,Ireland,30,20,Leinster
2023,Ireland,26,35,Ulster
2023,Ireland,26,30,Leinster
2023,Ireland,27,5,Leinster
2023,Ireland,21,0,Leinster
2024,Ireland,26,31,Leinster
2024,Ireland,25,26,Leinster
2024,Ireland,23,2,Ulster
2024,Ireland,32,40,Connacht
2024,Ireland,31,76,Leinster
2024,Ireland,36,129,Leinster
2024,Ireland,28,5,Munster
2024,Ireland,25,13,Ulster
2024,Ireland,28,64,Leinster
2024,Ireland,24,20,Leinster
2024,Ireland,32,50,Munster
2024,Ireland,31,81,Ulster
2024,Ireland,22,10,Leinster
2024,Ireland,27,62,Leinster
2024,Ireland,31,46,Leinster
2024,Ireland,25,41,Leinster
2024,Ireland,34,105,Munster
2024,Ireland,28,3,Ulster
2024,Ireland,30,62,Leinster
2024,Ireland,24,14,Munster
2024,Ireland,31,35,Leinster
2024,Ireland,34,116,Munster
2024,Ireland,24,4,Leinster
2024,Ireland,24,14,Munster
2024,Ireland,26,4,Leinster
2024,Ireland,33,56,Connacht
2024,Ireland,30,72,Leinster
2024,Ireland,31,17,Ulster
2024,Ireland,29,58,Leinster
2024,Ireland,26,32,Leinster
2024,Ireland,31,31,Leinster
2024,Ireland,26,6,Munster
2024,Ireland,27,37,Ulster
2024,Ireland,27,39,Leinster
2025,Ireland,26,23,Leinster
2025,Ireland,34,46,Connacht
2025,Ireland,33,56,Munster
2025,Ireland,23,0,Leinster
2025,Ireland,25,2,Leinster
2025,Ireland,33,46,Leinster
2025,Ireland,27,47,Leinster
2025,Ireland,33,78,Leinster
2025,Ireland,38,134,Leinster
2025,Ireland,33,84,Ulster
2025,Ireland,35,42,Ulster
2025,Ireland,25,1,Ulster
2025,Ireland,27,37,Leinster
2025,Ireland,22,2,Leinster
2025,Ireland,24,16,Leinster
2025,Ireland,36,110,Munster
2025,Ireland,29,70,Leinster
2025,Ireland,25,4,Connacht
2025,Ireland,29,67,Leinster
2025,Ireland,27,27,Leinster
2025,Ireland,32,68,Leinster
2025,Ireland,35,60,Connacht
2025,Ireland,31,3,Connacht
2025,Ireland,25,19,Munster
2025,Ireland,28,8,Leinster
2025,Ireland,33,38,Leinster
2025,Ireland,27,25,Connacht
2025,Ireland,32,77,Leinster
2025,Ireland,29,42,Leinster
2025,Ireland,33,36,Leinster
2025,Ireland,36,120,Munster
2025,Ireland,28,8,Munster
2025,Ireland,29,8,Leinster
2025,Ireland,24,5,Leinster
2025,Ireland,22,3,Leinster
2025,Ireland,30,63,Leinster
2020,France,24,26,Racing92
2020,France,26,0,Toulon
2020,France,24,2,Toulouse
2020,France,26,4,Toulouse
2020,France,26,17,Toulouse
2020,France,21,7,Lyon
2020,France,20,0,Toulon
2020,France,25,0,Montpellier
2020,France,27,33,Bordeaux
2020,France,24,0,Bordeaux
2020,France,20,0,Lyon
2020,France,30,37,Racing92
2020,France,23,0,Racing92
2020,France,29,14,Toulon
2020,France,27,5,Montpellier
2020,France,22,11,LaRochelle
2020,France,22,0,Lyon
2020,France,25,2,Toulouse
2020,France,22,0,Clermont
2020,France,24,2,StadeFrançais
2020,France,26,11,Toulon
2020,France,22,0,Toulouse
2020,France,21,0,Bordeaux
2020,France,23,20,Toulouse
2020,France,27,0,Bordeaux
2020,France,25,33,Toulon
2020,France,20,0,Toulon
2020,France,21,1,Bordeaux
2020,France,20,12,Toulouse
2020,France,25,51,StadeFrançais
2020,France,26,0,Toulon
2020,France,27,21,Racing92
2020,France,20,0,Montpellier
2020,France,21,0,Toulon
2020,France,24,0,StadeFrançais
2020,France,22,0,Montpellier
2020,France,23,16,Clermont
2020,France,27,3,LaRochelle
2020,France,26,16,Racing92
2020,France,27,0,Montpellier
2020,France,25,0,StadeFrançais
2020,France,25,9,Toulouse
2021,France,23,3,LaRochelle
2021,France,25,9,Toulouse
2021,France,24,6,Toulouse
2021,France,27,6,Toulouse
2021,France,27,23,Toulouse
2021,France,22,0,Racing92
2021,France,21,5,Toulon
2021,France,26,7,Montpellier
2021,France,21,2,Lyon
2021,France,31,44,Racing92
2021,France,30,22,Toulon
2021,France,28,12,Montpellier
2021,France,23,18,LaRochelle
2021,France,23,5,Lyon
2021,France,24,4,Castres
2021,France,27,18,Toulon
2021,France,23,2,Pau
2021,France,22,4,Bordeaux
2021,France,23,5,Lyon
2021,France,24,27,Toulouse
2021,France,26,40,Toulon
2021,France,22,2,Toulon
2021,France,22,8,Bordeaux
2021,France,22,2,Lyon
2021,France,26,58,StadeFrançais
2021,France,21,7,Montpellier
2021,France,24,17,Clermont
2021,France,27,22,Racing92
2021,France,25,2,Toulon
2021,France,28,6,Montpellier
2021,France,30,31,LaRochelle
2022,France,24,4,Castres
2022,France,26,16,Toulouse
2022,France,25,9,Toulouse
2022,France,31,39,LaRochelle
2022,France,28,31,Toulouse
2022,France,23,20,Lyon
2022,France,20,0,Clermont
2022,France,22,14,Toulon
2022,France,27,13,Montpellier
2022,France,24,3,Toulouse
2022,France,32,47,Racing92
2022,France,31,31,Lyon
2022,France,21,0,Castres
2022,France,24,0,Montpellier
2022,France,29,19,Montpellier
2022,France,24,26,LaRochelle
2022,France,24,13,Lyon
2022,France,27,11,Toulouse
2022,France,24,1,Racing92
2022,France,25,14,Toulouse
2022,France,26,7,StadeFrançais
2022,France,25,0,Racing92
2022,France,23,11,Bordeaux
2022,France,24,8,Lyon
2022,France,25,35,Toulouse
2022,France,29,2,Bordeaux
2022,France,23,0,Lyon
2022,France,24,1,Pau
2022,France,22,23,Toulouse
2022,France,30,11,LaRochelle
2022,France,22,0,LaRochelle
2022,France,27,66,Racing92
2022,France,21,2,Bordeaux
2022,France,29,30,Racing92
2022,France,21,0,Clermont
2022,France,22,1,Toulouse
2022,France,25,28,Clermont
2022,France,28,28,Racing92
2022,France,26,8,Toulon
2022,France,31,36,LaRochelle
2022,France,22,6,Perpignan
2022,France,26,14,Toulouse
2023,France,25,4,Castres
2023,France,24,1,Racing92
2023,France,27,24,Toulouse
2023,France,32,47,LaRochelle
2023,France,29,38,Toulouse
2023,France,25,7,Bordeaux
2023,France,28,15,Montpellier
2023,France,29,18,Toulon
2023,France,27,2,LaRochelle
2023,France,30,2,Montpellier
2023,France,25,11,Toulouse
2023,France,27,1,Bordeaux
2023,France,23,2,LaRochelle
2023,France,32,38,Lyon
2023,France,30,24,Montpellier
2023,France,25,34,LaRochelle
2023,France,26,1,Montpellier
2023,France,28,17,Montpellier
2023,France,25,20,Lyon
2023,France,28,16,Toulouse
2023,France,24,22,Toulouse
2023,France,27,11,StadeFrançais
2023,France,29,28,Toulon
2023,France,25,0,Toulouse
2023,France,26,42,Toulouse
2023,France,23,0,Montpellier
2023,France,20,0,Racing92
2023,France,25,2,LaRochelle
2023,France,24,20,Bordeaux
2023,France,23,31,Toulouse
2023,France,24,3,Toulouse
2023,France,24,0,StadeFrançais
2023,France,28,74,Racing92
2023,France,19,0,Pau
2023,France,22,11,Bordeaux
2023,France,19,0,Bordeaux
2023,France,22,0,Lyon
2023,France,23,5,Toulouse
2023,France,26,37,Clermont
2023,France,25,0,Bordeaux
2023,France,23,12,Toulouse
2023,France,27,20,Toulouse
2024,France,26,7,Castres
2024,France,28,32,Toulouse
2024,France,27,29,Toulouse
2024,France,30,16,Toulouse
2024,France,33,57,LaRochelle
2024,France,30,47,Toulouse
2024,France,26,1,Racing92
2024,France,31,3,Lyon
2024,France,28,14,LaRochelle
2024,France,30,16,StadeFrançais
2024,France,22,0,Toulon
2024,France,25,0,Toulouse
2024,France,33,49,Lyon
2024,France,25,27,Racing92
2024,France,27,0,Toulon
2024,France,26,45,LaRochelle
2024,France,24,6,LaRochelle
2024,France,29,27,Toulouse
2024,France,27,29,Toulouse
2024,France,30,39,Toulon
2024,France,21,0,Racing92
2024,France,31,18,Bordeaux
2024,France,26,0,Racing92
2024,France,25,30,Bordeaux
2024,France,31,26,LaRochelle
2024,France,21,0,Bordeaux
2024,France,29,85,Racing92
2024,France,20,1,Pau
2024,France,23,23,Bordeaux
2024,France,20,7,Bordeaux
2024,France,24,5,Toulouse
2024,France,27,48,Bordeaux
2024,France,24,19,Toulon
2024,France,28,31,Toulouse
2025,France,26,0,Bordeaux
2025,France,29,40,Toulouse
2025,France,28,37,Toulouse
2025,France,31,19,Toulouse
2025,France,34,63,LaRochelle
2025,France,31,52,Toulouse
2025,France,25,0,Perpignan
2025,France,26,7,LaRochelle
2025,France,25,32,Toulon
2025,France,31,18,Toulon
2025,France,35,57,IrelandLeinster
2025,France,21,1,Pau
2025,France,23,0,Toulouse
2025,France,27,29,Toulouse
2025,France,23,0,Toulon
2025,France,26,5,Toulouse
2025,France,34,53,Lyon
2025,France,27,1,Toulon
2025,France,27,51,LaRochelle
2025,France,25,14,LaRochelle
2025,France,30,34,Toulouse
2025,France,20,1,Bordeaux
2025,France,21,1,LaRochelle
2025,France,28,29,Toulouse
2025,France,28,55,Toulouse
2025,France,22,7,Racing92
2025,France,32,24,Bordeaux
2025,France,26,34,Bordeaux
2025,France,25,37,Toulouse
2025,France,26,3,Toulouse
2025,France,22,2,Bordeaux
2025,France,28,2,Toulon
2025,France,21,6,Pau
2025,France,24,31,Bordeaux
2025,France,20,0,Dax
2025,France,20,3,Pau
2025,France,21,14,Bordeaux
2025,France,24,0,Toulon
2025,France,28,53,Bordeaux
2025,France,29,18,Toulon
2025,France,22,6,StadeFrançais
2025,France,29,39,Toulouse
2020,England,26,21,ExeterChiefs
2020,England,27,0,Bath
2020,England,29,45,Saracens
2020,England,25,0,Bath
2020,England,24,14,LeicesterTigers
2020,England,29,68,Harlequins
2020,England,26,31,Harlequins
2020,England,23,0,Bath
2020,England,29,58,Saracens
2020,England,28,18,ExeterChiefs
2020,England,24,12,Bath
2020,England,29,41,Saracens
2020,England,28,62,Wasps
2020,England,30,81,NorthamptonSaints
2020,England,25,34,Saracens
2020,England,23,0,NorthamptonSaints
2020,England,20,1,WorcesterWarriors
2020,England,21,19,SaleSharks
2020,England,22,0,Saracens
2020,England,24,6,NorthamptonSaints
2020,England,23,15,Bath
2020,England,33,9,Gloucester
2020,England,30,95,LeicesterTigers
2020,England,28,79,Saracens
2020,England,26,65,LeicesterTigers
2020,England,21,0,Wasps
2020,England,26,1,ExeterChiefs
2020,England,20,0,NorthamptonSaints
2020,England,28,47,Bath
2020,England,28,40,SaleSharks
2020,England,23,0,Gloucester
2020,England,29,52,LeicesterTigers
2020,England,25,42,Bath
2020,England,27,39,Saracens
2020,England,23,0,NorthamptonSaints
2021,England,27,26,ExeterChiefs
2021,England,30,54,Saracens
2021,England,25,23,LeicesterTigers
2021,England,30,72,Harlequins
2021,England,26,0,Bath
2021,England,24,8,Bath
2021,England,29,18,ExeterChiefs
2021,England,26,3,ExeterChiefs
2021,England,26,43,Saracens
2021,England,29,69,Wasps
2021,England,31,85,NorthamptonSaints
2021,England,22,28,SaleSharks
2021,England,23,8,BristolBears
2021,England,24,22,Bath
2021,England,28,56,Saracens
2021,England,31,19,NewcastleFalcons
2021,England,23,0,BristolBears
2021,England,28,7,Wasps
2021,England,31,104,LeicesterTigers
2021,England,29,88,Saracens
2021,England,27,72,LeicesterTigers
2021,England,21,3,WorcesterWarriors
2021,England,27,34,ExeterChiefs
2021,England,30,61,Gloucester
2021,England,23,0,Wasps
2021,England,26,46,Bath
2021,England,28,47,Saracens
2021,England,24,3,BristolBears
2022,England,24,5,NewcastleFalcons
2022,England,28,31,ExeterChiefs
2022,England,31,61,Saracens
2022,England,26,31,LeicesterTigers
2022,England,22,2,LeicesterTigers
2022,England,31,74,Harlequins
2022,England,21,2,SaleSharks
2022,England,28,47,BristolBears
2022,England,25,15,Bath
2022,England,21,0,LeicesterTigers
2022,England,26,26,Bath
2022,England,27,12,ExeterChiefs
2022,England,27,51,Saracens
2022,England,32,90,NorthamptonSaints
2022,England,21,0,Wasps
2022,England,23,36,SaleSharks
2022,England,24,4,Harlequins
2022,England,26,10,NorthamptonSaints
2022,England,27,9,ExeterChiefs
2022,England,20,2,SaleSharks
2022,England,24,2,BristolBears
2022,England,32,112,LeicesterTigers
2022,England,20,0,Bath
2022,England,30,94,Saracens
2022,England,22,5,Harlequins
2022,England,31,1,Gloucester
2022,England,25,7,Harlequins
2022,England,24,0,Harlequins
2022,England,28,43,ExeterChiefs
2022,England,23,0,LondonIrish
2022,England,31,69,Gloucester
2022,England,28,34,ExeterChiefs
2022,England,20,0,NorthamptonSaints
2022,England,25,5,NorthamptonSaints
2022,England,25,10,Saracens
2022,England,21,5,LeicesterTigers
2023,England,32,72,Saracens
2023,England,29,0,Gloucester
2023,England,26,0,Harlequins
2023,England,35,95,LeicesterTigers
2023,England,27,43,BristolBears
2023,England,23,7,LeicesterTigers
2023,England,22,2,SaleSharks
2023,England,29,56,BristolBears
2023,England,32,74,Saracens
2023,England,22,5,LeicesterTigers
2023,England,28,19,SaleSharks
2023,England,24,8,Saracens
2023,England,28,62,Saracens
2023,England,24,1,SaleSharks
2023,England,25,13,Saracens
2023,England,33,96,NorthamptonSaints
2023,England,27,14,NorthamptonSaints
2023,England,26,6,FranceToulouse
2023,England,25,7,Harlequins
2023,England,28,18,ExeterChiefs
2023,England,25,1,NorthamptonSaints
2023,England,21,7,LeicesterTigers
2023,England,33,121,LeicesterTigers
2023,England,31,101,Saracens
2023,England,20,0,NorthamptonSaints
2023,England,23,17,Harlequins
2023,England,30,57,Saracens
2023,England,21,1,LeicesterTigers
2023,England,26,13,Harlequins
2023,England,29,52,ExeterChiefs
2023,England,31,50,SaleSharks
2023,England,24,0,LondonIrish
2023,England,26,14,Saracens
2023,England,23,0,Harlequins
2023,England,21,3,NorthamptonSaints
2023,England,22,17,LeicesterTigers
2024,England,30,41,SaleSharks
2024,England,23,7,Saracens
2024,England,33,85,Saracens
2024,England,36,107,LeicesterTigers
2024,England,28,58,BristolBears
2024,England,24,7,LeicesterTigers
2024,England,33,88,Harlequins
2024,England,29,3,Bath
2024,England,27,33,Bath
2024,England,23,18,LeicesterTigers
2024,England,24,3,NorthamptonSaints
2024,England,25,11,Saracens
2024,England,29,76,Saracens
2024,England,20,0,Harlequins
2024,England,25,5,SaleSharks
2024,England,26,15,Harlequins
2024,England,26,25,Saracens
2024,England,24,1,NorthamptonSaints
2024,England,26,0,ExeterChiefs
2024,England,27,30,Bath
2024,England,37,96,Harlequins
2024,England,26,11,NorthamptonSaints
2024,England,31,4,Bath
2024,England,30,91,SaleSharks
2024,England,21,0,NorthamptonSaints
2024,England,24,30,Harlequins
2024,England,22,0,Harlequins
2024,England,31,64,Saracens
2024,England,24,0,NorthamptonSaints
2024,England,24,21,Bath
2024,England,30,57,ExeterChiefs
2024,England,21,0,ExeterChiefs
2024,England,22,3,NorthamptonSaints
2024,England,23,0,SaleSharks
2024,England,27,6,NorthamptonSaints
2024,England,23,31,LeicesterTigers
2025,England,31,44,SaleSharks
2025,England,24,16,Saracens
2025,England,34,97,Saracens
2025,England,22,6,Harlequins
2025,England,29,62,BristolBears
2025,England,25,7,LeicesterTigers
2025,England,20,1,SaleSharks
2025,England,24,7,SaleSharks
2025,England,28,45,Bath
2025,England,24,23,LeicesterTigers
2025,England,25,7,NorthamptonSaints
2025,England,30,88,Saracens
2025,England,23,19,LeicesterTigers
2025,England,21,11,Harlequins
2025,England,26,6,SaleSharks
2025,England,26,56,SaleSharks
2025,England,27,20,Harlequins
2025,England,27,37,Saracens
2025,England,25,2,Bath
2025,England,26,1,Saracens
2025,England,27,18,NorthamptonSaints
2025,England,27,11,BristolBears
2025,England,23,16,LeicesterTigers
2025,England,31,98,SaleSharks
2025,England,22,6,NorthamptonSaints
2025,England,25,39,Harlequins
2025,England,23,0,Harlequins
2025,England,25,2,NorthamptonSaints
2025,England,25,31,Bath
2025,England,31,70,ExeterChiefs
2025,England,23,16,NorthamptonSaints
2025,England,26,0,Harlequins
2025,England,24,3,SaleSharks
2025,England,24,5,NorthamptonSaints
2025,England,32,69,Saracens
2025,England,24,35,LeicesterTigers